mean,skewness,quantile1,invcofvar,IQR,fstd,fkurtosis,fskewness,fcofvar,finvcofvar
1.5265566588595904e-17,2.3249534423286042,-1.7461699092030072,1.5137819015620267e-17,0.0,1.0084389681792214,15.446276649432106,2.3249534423286042,-2100164328933100.0,-4.761532163095104e-16
